"DEPTH","PRES","TEMP","potemperature","CNDC","PSAL","sigma_t","sbox0Mm/Kg","ph","ph","flECO-AFL","CStarTr0","par","upoly0","gsw_saA0","gsw_ctA0","gsw_densityA0","gsw_sigma0A0","gsw_ptA0","flag"
"2.971","3.0","9.3109","9.3107","2.813696","25.5086","19.6537","298.332","8.208","8.208","1.9685","81.947","1090.2","4.3300915","25.6319","9.4608","1019.6707","19.6569","9.3107","0.0"
"3.968","4.0","9.3104","9.31","2.813678","25.5084","19.6536","296.939","8.206","8.206","2.0724","82.3527","405.46","4.3063793","25.6317","9.4602","1019.6752","19.6568","9.31","0.0"
"4.95","5.0","9.303","9.3025","2.815321","25.5292","19.6708","293.437","8.206","8.206","2.3119","82.5215","218.02","4.2979755","25.6531","9.4522","1019.6975","19.6745","9.3025","0.0"
"5.956","6.0","9.3012","9.3006","2.816212","25.5394","19.6791","291.915","8.206","8.206","2.3716","82.5869","163.4","4.2984915","25.6629","9.4502","1019.71","19.6824","9.3006","0.0"
"6.936","7.0","9.2986","9.2979","2.818841","25.5586","19.6944","288.833","8.206","8.206","2.3747","82.6516","109.96","4.2984915","25.6908","9.447","1019.7366","19.7044","9.2979","0.0"
"7.936","8.0","9.1305","9.1298","2.936529","26.8025","20.689","288.037","8.201","8.201","2.218","85.8888","74.741","3.8237796","27.0029","9.2559","1020.7845","20.7479","9.1298","0.0"
"8.923","9.0","9.0603","9.0594","2.998989","27.545","21.2788","286.68","8.198","8.198","1.536","88.3173","54.064","3.4377298","27.6908","9.1738","1021.3339","21.2927","9.0594","0.0"
"9.913","10.0","9.0061","9.0051","3.051227","28.1167","21.7331","284.834","8.193","8.193","1.4773","91.3425","43.344","3.3414145","28.2657","9.1098","1021.7934","21.7476","9.0051","0.0"
"10.91","11.0","8.9849","8.9838","3.064751","28.284","21.8669","283.72","8.193","8.193","1.4323","91.6085","34.43","3.101299","28.4206","9.0858","1021.9215","21.8712","8.9838","0.0"
"11.896","12.0","8.9589","8.9578","3.078049","28.4401","21.9926","282.676","8.19","8.19","1.3257","92.7084","27.896","3.1106431","28.5772","9.057","1022.0518","21.9968","8.9578","0.0"
"12.894","13.0","8.9506","8.9494","3.082422","28.494","22.036","281.551","8.18","8.18","1.263","92.9205","22.276","3.0293596","28.6284","9.0477","1022.0974","22.0378","8.9494","0.0"
"13.876","14.0","8.9452","8.9438","3.08657","28.5374","22.0707","278.992","8.179","8.179","1.189","93.1233","17.897","3.0248821","28.6749","9.0414","1022.1389","22.0749","8.9438","0.0"
"14.88","15.0","8.9276","8.9261","3.091033","28.5987","22.1212","277.619","8.177","8.177","1.1812","93.3153","14.496","3.0133462","28.7345","9.0226","1022.1924","22.1238","8.9261","0.0"
"15.86","16.0","8.9093","8.9077","3.093259","28.6347","22.152","276.283","8.169","8.169","1.1203","93.6825","11.513","3.0258906","28.7718","9.0035","1022.2286","22.1554","8.9077","0.0"
"16.856","17.0","8.8441","8.8424","3.100221","28.759","22.2586","275.26","8.162","8.162","1.0056","94.0079","9.5686","3.0248821","28.8959","8.9356","1022.3394","22.2615","8.8424","0.0"
"17.851","18.0","8.8352","8.8335","3.100924","28.7748","22.2722","274.145","8.16","8.16","0.928","93.9937","7.6861","3.0172589","28.9099","8.9264","1022.3561","22.2737","8.8335","0.0"
"18.832","19.0","8.821","8.8192","3.101147","28.788","22.2846","272.944","8.16","8.16","0.884","94.0162","6.3191","3.0253568","28.9234","8.9118","1022.3732","22.2862","8.8192","0.0"
"19.838","20.0","8.8066","8.8047","3.101447","28.8017","22.2974","272.52","8.159","8.159","0.8755","94.0738","5.2282","3.0248821","28.9377","8.897","1022.3911","22.2995","8.8047","0.0"
"20.818","21.0","8.7871","8.7851","3.102858","28.8315","22.3235","271.031","8.155","8.155","0.8594","94.183","4.2384","3.0248821","28.9678","8.8767","1022.4219","22.3257","8.7851","0.0"
"21.814","22.0","8.7818","8.7796","3.10357","28.8422","22.3327","269.621","8.155","8.155","0.8328","94.3313","3.5425","3.0126269","28.9791","8.8711","1022.436","22.3353","8.7796","0.0"
"22.807","23.0","8.7693","8.767","3.103323","28.8504","22.3409","269.039","8.152","8.152","0.8296","94.6299","2.9168","2.9995618","28.9863","8.8583","1022.448","22.3427","8.767","0.0"
"23.791","24.0","8.741","8.7387","3.102526","28.8638","22.3555","268.652","8.148","8.148","0.812","94.8848","2.4386","2.8616257","29.0007","8.8294","1022.4679","22.358","8.7387","0.0"
"24.794","25.0","8.7285","8.7261","3.103702","28.8857","22.3743","267.994","8.145","8.145","0.7572","94.9437","2.0452","2.8216727","29.0226","8.8164","1022.4913","22.3769","8.7261","0.0"
"25.773","26.0","8.7213","8.7188","3.105943","28.9132","22.3969","265.616","8.146","8.146","0.709","95.0627","1.7093","2.8501718","29.0512","8.8086","1022.5192","22.4002","8.7188","0.0"
"26.776","27.0","8.7123","8.7097","3.10767","28.9381","22.4176","262.332","8.144","8.144","0.691","94.9984","1.4481","2.8381033","29.076","8.7991","1022.5444","22.4208","8.7097","0.0"
"27.757","28.0","8.6944","8.6917","3.109313","28.9692","22.4446","259.254","8.141","8.141","0.6353","95.1707","1.2168","2.7754595","29.1072","8.7804","1022.5759","22.4477","8.6917","0.0"
"28.759","29.0","8.6528","8.65","3.112427","29.0351","22.5021","258.511","8.137","8.137","0.5933","95.0744","1.0384","2.8903069","29.1733","8.7374","1022.6379","22.5051","8.65","0.0"
"29.741","30.0","8.627","8.6241","3.115465","29.0884","22.5475","258.635","8.123","8.123","0.4745","94.9723","0.88215","2.9712837","29.2256","8.7104","1022.687","22.5496","8.6241","0.0"
"30.739","31.0","8.6209","8.618","3.116346","29.1017","22.5588","256.016","8.114","8.114","0.4105","94.8838","0.85224","3.0228732","29.2393","8.704","1022.7031","22.5611","8.618","0.0"
"31.729","32.0","8.6165","8.6135","3.116986","29.111","22.5667","253.547","8.111","8.111","0.3772","94.8755","0.77722","3.0059462","29.2492","8.6994","1022.716","22.5694","8.6135","0.0"
"32.722","33.0","8.6126","8.6094","3.117465","29.1185","22.5731","252.36","8.109","8.109","0.3617","94.8653","0.65806","3.0243654","29.257","8.6952","1022.7272","22.5761","8.6094","0.0"
"33.709","34.0","8.6065","8.6033","3.118279","29.131","22.5838","250.903","8.107","8.107","0.361","94.8611","0.55973","3.0248821","29.27","8.6888","1022.7428","22.5871","8.6033","0.0"
"34.705","35.0","8.5998","8.5964","3.119173","29.1454","22.596","249.646","8.103","8.103","0.3612","94.8692","0.47284","3.0248821","29.2845","8.6816","1022.7596","22.5994","8.5964","0.0"
"35.692","36.0","8.5892","8.5858","3.120401","29.1663","22.6138","248.352","8.101","8.101","0.3512","94.8794","0.40173","3.0248821","29.3056","8.6706","1022.7822","22.6173","8.5858","0.0"
"36.688","37.0","8.5806","8.5771","3.121509","29.1845","22.6293","247.455","8.098","8.098","0.3302","94.8364","0.33685","3.0176027","29.3238","8.6615","1022.8022","22.6328","8.577","0.0"
"37.674","38.0","8.5711","8.5675","3.122541","29.2026","22.6448","246.511","8.095","8.095","0.3199","94.7909","0.28571","3.0247328","29.3419","8.6516","1022.8223","22.6483","8.5675","0.0"
"38.673","39.0","8.5636","8.5598","3.123388","29.2172","22.6574","244.538","8.093","8.093","0.3029","94.7516","0.2382","3.0248821","29.3566","8.6437","1022.8394","22.6608","8.5598","0.0"
"39.662","40.0","8.5596","8.5558","3.123899","29.2252","22.6642","240.387","8.089","8.089","0.3013","94.6685","0.19946","3.0248821","29.3648","8.6395","1022.8509","22.6677","8.5558","0.0"
"40.651","41.0","8.5487","8.5448","3.125481","29.2497","22.6849","236.454","8.086","8.086","0.3018","94.5544","0.16758","3.0248821","29.3899","8.628","1022.8766","22.6888","8.5448","0.0"
"41.643","42.0","8.5215","8.5174","3.129533","29.3131","22.7384","234.428","8.079","8.079","0.2519","94.3405","0.1387","3.0248821","29.4543","8.5994","1022.9353","22.743","8.5174","0.0"
"42.637","43.0","8.5013","8.4972","3.13286","29.3657","22.7824","233.518","8.064","8.064","0.1989","94.0544","0.1161","3.1632662","29.5053","8.5783","1022.9825","22.7856","8.4972","0.0"
"43.622","44.0","8.4984","8.4942","3.133422","29.3736","22.7891","232.798","8.059","8.059","0.1829","93.9732","0.094696","3.100523","29.5132","8.5751","1022.9937","22.7922","8.4942","0.0"
"44.619","45.0","8.494","8.4897","3.133606","29.3786","22.7936","232.237","8.056","8.056","0.1848","93.9521","0.077308","3.0504813","29.5184","8.5705","1023.0029","22.7968","8.4897","0.0"
"45.607","46.0","8.489","8.4846","3.13375","29.3837","22.7983","231.724","8.055","8.055","0.1843","93.9236","0.062296","3.1914625","29.5237","8.5653","1023.0123","22.8017","8.4846","0.0"
"46.601","47.0","8.4825","8.478","3.134122","29.3924","22.8061","231.38","8.055","8.055","0.1833","93.8413","0.048932","3.1014922","29.5326","8.5585","1023.0248","22.8096","8.478","0.0"
"47.588","48.0","8.4771","8.4726","3.134413","29.3994","22.8123","231.287","8.055","8.055","0.184","93.7916","0.03856","3.4267199","29.5397","8.5529","1023.0356","22.8159","8.4726","0.0"
"48.585","49.0","8.4712","8.4665","3.134427","29.4042","22.8169","231.074","8.055","8.055","0.1843","93.8065","0.029089","3.2705171","29.5444","8.5468","1023.0447","22.8204","8.4665","0.0"
"49.579","50.0","8.4689","8.4641","3.134412","29.4054","22.8182","230.67","8.053","8.053","0.1842","93.8751","0.02125","3.151855","29.5457","8.5443","1023.0507","22.8218","8.4641","0.0"
"50.565","51.0","8.4648","8.46","3.13433","29.4075","22.8204","230.117","8.053","8.053","0.1822","93.8301","0.01378","3.3635247","29.5479","8.5401","1023.0576","22.824","8.46","0.0"
"51.558","52.0","8.4462","8.4412","3.134793","29.4274","22.8386","229.807","8.051","8.051","0.1686","93.95","0.0080238","3.0347834","29.5679","8.5209","1023.0804","22.8423","8.4412","0.0"
"52.549","53.0","8.4381","8.433","3.1353","29.4393","22.849","229.757","8.05","8.05","0.1643","93.916","0.003748","3.1989405","29.5796","8.5125","1023.0953","22.8526","8.433","0.0"
"53.538","54.0","8.4395","8.4344","3.135349","29.4379","22.8478","229.995","8.05","8.05","0.1846","93.9422","-7.504e-05","3.138308","29.5785","8.5139","1023.0988","22.8515","8.4344","0.0"
"54.533","55.0","8.4401","8.4348","3.135453","29.438","22.8477","229.994","8.05","8.05","0.1497","93.9389","3.2508e-06","3.1494396","29.5787","8.5143","1023.1035","22.8517","8.4348","0.0"
"55.523","56.0","8.4409","8.4355","3.135496","29.4372","22.847","229.745","8.05","8.05","0.1787","93.9555","1e-12","3.0261133","29.5781","8.515","1023.1075","22.8511","8.4355","0.0"
"56.513","57.0","8.4404","8.4349","3.135541","29.4376","22.8474","229.598","8.05","8.05","0.1834","93.9714","1e-12","3.1365783","29.5786","8.5144","1023.1125","22.8515","8.4349","0.0"
"57.505","58.0","8.4407","8.4352","3.135857","29.4399","22.8492","229.484","8.05","8.05","0.1777","93.9361","1e-12","3.278584","29.5812","8.5146","1023.1191","22.8535","8.4352","0.0"
"58.498","59.0","8.4406","8.435","3.136373","29.4449","22.8531","229.383","8.05","8.05","0.1429","93.8531","1e-12","3.2934954","29.5863","8.5143","1023.1277","22.8575","8.435","0.0"
"59.486","60.0","8.44","8.4343","3.136305","29.4449","22.8532","228.297","8.05","8.05","0.1486","93.8392","1e-12","3.0282037","29.5857","8.5137","1023.1319","22.8571","8.4343","0.0"
"60.479","61.0","8.4401","8.4343","3.136297","29.4433","22.852","227.327","8.05","8.05","0.1828","93.8238","1e-12","3.2885742","29.5851","8.5137","1023.136","22.8567","8.4343","0.0"
"61.47","62.0","8.4298","8.4239","3.138794","29.4776","22.8802","226.576","8.046","8.046","0.141","93.531","1e-12","3.3845956","29.6194","8.5026","1023.1688","22.8849","8.4239","0.0"
"62.461","63.0","8.4271","8.4211","3.138991","29.4821","22.8842","226.129","8.045","8.045","0.1367","93.5289","1e-12","3.3324399","29.6234","8.4998","1023.1769","22.8884","8.4211","0.0"
"63.453","64.0","8.4221","8.4161","3.13907","29.4867","22.8884","225.974","8.042","8.042","0.1392","93.6477","1e-12","3.2996824","29.6279","8.4946","1023.1857","22.8927","8.4161","0.0"
"64.447","65.0","8.4203","8.4141","3.139088","29.4879","22.8897","225.946","8.041","8.041","0.1327","93.7193","1e-12","3.1033287","29.6293","8.4926","1023.1917","22.894","8.4141","0.0"
"65.431","66.0","8.4155","8.4093","3.139255","29.4932","22.8945","226.072","8.041","8.041","0.1363","93.7159","1e-12","3.0486","29.6346","8.4877","1023.201","22.8988","8.4093","0.0"
"66.43","67.0","8.4125","8.4061","3.13955","29.4984","22.899","226.306","8.041","8.041","0.1514","93.6526","1e-12","3.1726263","29.6399","8.4844","1023.2101","22.9034","8.4061","0.0"
"67.413","68.0","8.4073","8.4008","3.140014","29.507","22.9064","226.538","8.042","8.042","0.1516","93.5278","1e-12","3.291594","29.6487","8.479","1023.2224","22.911","8.4008","0.0"
"68.413","69.0","8.4026","8.3961","3.140213","29.5129","22.9117","226.555","8.045","8.045","0.1319","93.4526","1e-12","3.3383641","29.6543","8.4741","1023.232","22.916","8.3961","0.0"
"69.399","70.0","8.4012","8.3945","3.140277","29.5142","22.913","226.577","8.046","8.046","0.1336","93.3949","1e-12","3.4511528","29.6557","8.4725","1023.2379","22.9174","8.3945","0.0"
"70.395","71.0","8.4014","8.3947","3.14034","29.5142","22.9129","226.575","8.045","8.045","0.1349","93.3861","1e-12","3.2469985","29.6558","8.4727","1023.2426","22.9174","8.3946","0.0"
"71.38","72.0","8.4008","8.3939","3.140417","29.515","22.9137","226.517","8.046","8.046","0.1386","93.3523","1e-12","3.2266726","29.6568","8.4719","1023.2479","22.9183","8.3939","0.0"
"72.377","73.0","8.4003","8.3934","3.140479","29.5156","22.9142","226.747","8.046","8.046","0.134","93.3561","1e-12","3.3849566","29.6574","8.4714","1023.2531","22.9188","8.3934","0.0"
"73.362","74.0","8.4003","8.3932","3.140566","29.5161","22.9145","226.982","8.046","8.046","0.1364","93.33","1e-12","3.3047698","29.6579","8.4712","1023.2581","22.9193","8.3932","0.0"
"74.361","75.0","8.4002","8.3931","3.140733","29.5173","22.9155","227.452","8.046","8.046","0.1367","93.2786","1e-12","3.5147161","29.6593","8.4711","1023.2637","22.9204","8.3931","0.0"
"75.346","76.0","8.3986","8.3913","3.140916","29.5203","22.9181","228.278","8.047","8.047","0.1404","93.1542","1e-12","3.420011","29.6622","8.4692","1023.2709","22.9229","8.3913","0.0"
"76.342","77.0","8.3947","8.3874","3.141026","29.5244","22.9218","229.146","8.05","8.05","0.1363","93.1239","1e-12","3.3994422","29.6663","8.4651","1023.2792","22.9266","8.3873","0.0"
"77.329","78.0","8.3853","8.3779","3.141017","29.5319","22.9291","229.803","8.052","8.052","0.1338","93.1472","1e-12","3.4181137","29.6736","8.4555","1023.2908","22.9337","8.3779","0.0"
"78.324","79.0","8.3767","8.3692","3.140927","29.5379","22.935","229.479","8.057","8.057","0.1371","93.1861","1e-12","3.4250231","29.6796","8.4466","1023.3013","22.9395","8.3692","0.0"
"79.313","80.0","8.3683","8.3607","3.140757","29.5429","22.9401","228.99","8.06","8.06","0.1346","93.3155","1e-12","3.3516371","29.6845","8.438","1023.3109","22.9446","8.3607","0.0"
"80.304","81.0","8.365","8.3573","3.140714","29.5446","22.9419","228.925","8.06","8.06","0.1381","93.4268","1e-12","3.4445512","29.6864","8.4346","1023.3174","22.9465","8.3573","0.0"
"81.3","82.0","8.3587","8.3509","3.140633","29.5487","22.946","229.35","8.057","8.057","0.1401","93.5011","1e-12","3.2093821","29.6905","8.4281","1023.3261","22.9506","8.3509","0.0"
"82.284","83.0","8.3519","8.3441","3.140517","29.5528","22.9501","230.352","8.055","8.055","0.1407","93.5355","1e-12","3.2001846","29.6946","8.4211","1023.3348","22.9548","8.3441","0.0"
"83.279","84.0","8.3476","8.3396","3.140432","29.5551","22.9526","231.701","8.058","8.058","0.144","93.5593","1e-12","3.1557395","29.6969","8.4166","1023.3419","22.9572","8.3396","0.0"
"84.27","85.0","8.3416","8.3335","3.140333","29.5586","22.9562","234.165","8.062","8.062","0.1423","93.6328","1e-12","3.2874556","29.7006","8.4104","1023.3502","22.9609","8.3335","0.0"
"85.26","86.0","8.34","8.3318","3.140735","29.5633","22.9601","236.825","8.066","8.066","0.1487","93.5077","1e-12","3.0817053","29.7058","8.4086","1023.359","22.9652","8.3318","0.0"
"86.252","87.0","8.3447","8.3365","3.141901","29.5709","22.9653","239.311","8.078","8.078","0.1463","93.3514","1e-12","3.349988","29.7135","8.4132","1023.369","22.9706","8.3365","0.0"
"87.245","88.0","8.3475","8.3391","3.142616","29.5756","22.9686","241.595","8.091","8.091","0.142","93.3501","1e-12","3.4327142","29.7183","8.4158","1023.3769","22.974","8.3391","0.0"
"88.235","89.0","8.3502","8.3418","3.143349","29.5804","22.972","242.996","8.099","8.099","0.1504","93.3323","1e-12","3.2919431","29.7233","8.4184","1023.3849","22.9775","8.3418","0.0"
"89.224","90.0","8.3528","8.3443","3.143992","29.5845","22.9748","244.164","8.107","8.107","0.1864","93.4171","1e-12","3.1778619","29.7274","8.4209","1023.3924","22.9803","8.3443","0.0"
"90.217","91.0","8.3511","8.3425","3.144126","29.5871","22.9771","244.95","8.112","8.112","0.1674","93.3821","1e-12","3.3030729","29.7298","8.419","1023.3992","22.9825","8.3425","0.0"
"91.209","92.0","8.3474","8.3387","3.144038","29.5891","22.9792","245.236","8.116","8.116","0.1668","93.4251","1e-12","3.2634828","29.7317","8.4151","1023.4057","22.9845","8.3386","0.0"
"92.202","93.0","8.3439","8.3351","3.143909","29.5902","22.9806","245.221","8.118","8.118","0.1836","93.4779","1e-12","3.0589385","29.7329","8.4115","1023.4117","22.9859","8.3351","0.0"
"93.179","94.0","8.3442","8.3353","3.144122","29.5916","22.9816","246.73","8.118","8.118","0.1508","93.4375","1e-12","3.3728709","29.7344","8.4117","1023.4175","22.9871","8.3353","0.0"
"94.188","95.0","8.3488","8.3397","3.144826","29.5942","22.983","247.858","8.118","8.118","0.1608","93.4429","1e-12","3.3309011","29.7376","8.4161","1023.4239","22.9889","8.3397","0.0"
"95.168","96.0","8.3732","8.3641","3.148163","29.6066","22.9892","248.954","8.121","8.121","0.1846","93.454","1e-12","3.4069581","29.7515","8.4404","1023.4358","22.9963","8.3641","0.0"
"96.165","97.0","8.3877","8.3784","3.149872","29.6126","22.9919","249.385","8.129","8.129","0.1851","93.454","1e-12","3.1299567","29.7568","8.4548","1023.4424","22.9984","8.3784","0.0"
"97.155","98.0","8.3959","8.3866","3.15105","29.6173","22.9944","250.013","8.133","8.133","0.1939","93.4336","1e-12","3.4340627","29.7617","8.4629","1023.4496","23.0011","8.3866","0.0"
"98.147","99.0","8.4022","8.3928","3.151976","29.6215","22.9968","250.836","8.136","8.136","0.1895","93.3735","1e-12","3.3311415","29.7657","8.4691","1023.4564","23.0033","8.3927","0.0"
"99.137","100.0","8.4098","8.4003","3.153135","29.6266","22.9997","251.682","8.138","8.138","0.1967","93.4038","1e-12","3.2531955","29.771","8.4766","1023.4641","23.0064","8.4003","0.0"
"100.128","101.0","8.4173","8.4076","3.154298","29.632","23.0029","252.068","8.142","8.142","0.2126","93.3703","1e-12","3.3186629","29.7764","8.4839","1023.4718","23.0096","8.4076","0.0"
"101.119","102.0","8.429","8.4193","3.156559","29.6446","23.0111","252.226","8.143","8.143","0.2132","93.4312","1e-12","2.9648478","29.7897","8.4954","1023.485","23.0183","8.4193","0.0"
"102.114","103.0","8.4364","8.4265","3.158185","29.6555","23.0186","252.458","8.147","8.147","0.2122","92.3212","1e-12","3.1394281","29.8001","8.5025","1023.4966","23.0254","8.4265","0.0"
"103.096","104.0","8.4393","8.4293","3.159012","29.6615","23.0229","252.618","8.147","8.147","0.2105","93.2738","1e-12","3.0509682","29.8059","8.5052","1023.5053","23.0295","8.4293","0.0"
"104.096","105.0","8.4439","8.4339","3.160429","29.6715","23.0301","252.357","8.147","8.147","0.2136","93.2934","1e-12","3.3628209","29.8164","8.5096","1023.5174","23.037","8.4338","0.0"
"105.084","106.0","8.4493","8.4391","3.162448","29.6877","23.042","252.279","8.147","8.147","0.2365","93.1675","1e-12","3.25629","29.8326","8.5147","1023.5338","23.0489","8.4391","0.0"
"106.074","107.0","8.4516","8.4413","3.163816","29.6999","23.0512","252.288","8.147","8.147","0.219","92.9881","1e-12","3.2932124","29.8445","8.5167","1023.5474","23.0579","8.4413","0.0"
"107.067","108.0","8.4529","8.4425","3.164373","29.7044","23.0545","252.361","8.147","8.147","0.2134","92.8707","1e-12","3.2551618","29.8488","8.5179","1023.5551","23.0611","8.4425","0.0"
"108.058","109.0","8.4545","8.444","3.164788","29.7071","23.0564","252.352","8.147","8.147","0.2394","92.8352","1e-12","3.2547755","29.8514","8.5193","1023.5615","23.0629","8.444","0.0"
"109.047","110.0","8.4553","8.4447","3.164927","29.7076","23.0567","252.33","8.147","8.147","0.2429","92.9254","1e-12","3.3539391","29.8517","8.52","1023.5662","23.063","8.4447","0.0"
"110.04","111.0","8.456","8.4454","3.165124","29.7085","23.0573","252.196","8.147","8.147","0.2263","92.9041","1e-12","3.4090958","29.8528","8.5207","1023.5715","23.0638","8.4454","0.0"
"111.028","112.0","8.4564","8.4457","3.16534","29.7102","23.0585","252.049","8.147","8.147","0.2183","92.9118","1e-12","3.3770351","29.8543","8.521","1023.5772","23.0649","8.4457","0.0"
"112.025","113.0","8.4563","8.4454","3.165589","29.7124","23.0603","252.09","8.147","8.147","0.2215","92.8533","1e-12","3.4050007","29.8566","8.5207","1023.5836","23.0668","8.4454","0.0"
"113.011","114.0","8.4578","8.4469","3.166221","29.7171","23.0638","252.183","8.147","8.147","0.2133","92.8018","1e-12","3.5642438","29.8615","8.522","1023.5918","23.0704","8.4468","0.0"
"114.006","115.0","8.4615","8.4505","3.167447","29.7261","23.0703","252.095","8.147","8.147","0.2269","92.79","1e-12","3.4526422","29.8708","8.5255","1023.603","23.0771","8.4505","0.0"
"114.994","116.0","8.4642","8.453","3.168125","29.7308","23.0735","252.136","8.147","8.147","0.2422","92.8313","1e-12","3.3798835","29.8752","8.528","1023.6107","23.0802","8.453","0.0"
"115.985","117.0","8.4652","8.454","3.168434","29.7327","23.0749","251.883","8.147","8.147","0.2434","92.8389","1e-12","3.451695","29.8772","8.5289","1023.6166","23.0816","8.4539","0.0"
"116.977","118.0","8.4661","8.4548","3.168809","29.7355","23.077","251.927","8.147","8.147","0.2434","92.9176","1e-12","3.3629577","29.8799","8.5297","1023.6232","23.0836","8.4547","0.0"
"117.97","119.0","8.4672","8.4557","3.169321","29.7395","23.0799","252.017","8.147","8.147","0.2407","92.8395","1e-12","3.3290229","29.884","8.5306","1023.6309","23.0866","8.4557","0.0"
"118.954","120.0","8.468","8.4564","3.169589","29.7412","23.0812","251.879","8.147","8.147","0.2439","92.8562","1e-12","3.3594177","29.8857","8.5313","1023.6366","23.0878","8.4564","0.0"
"119.951","121.0","8.4691","8.4575","3.169988","29.7437","23.083","251.672","8.147","8.147","0.243","92.9251","1e-12","3.4422882","29.8885","8.5323","1023.6432","23.0899","8.4575","0.0"
"120.943","122.0","8.4724","8.4606","3.171312","29.7543","23.0908","251.59","8.147","8.147","0.242","92.912","1e-12","3.4580841","29.8992","8.5353","1023.6556","23.0977","8.4606","0.0"
"121.933","123.0","8.4734","8.4615","3.171812","29.7584","23.0939","251.386","8.147","8.147","0.2432","92.8685","1e-12","3.3944221","29.9031","8.5362","1023.6631","23.1007","8.4615","0.0"
"122.92","124.0","8.4741","8.4621","3.172489","29.7642","23.0983","251.443","8.147","8.147","0.2434","92.7845","1e-12","3.4616809","29.9092","8.5366","1023.6724","23.1054","8.4621","0.0"
"123.918","125.0","8.4753","8.4633","3.17347","29.7731","23.1051","251.429","8.147","8.147","0.2427","92.6849","1e-12","3.4661968","29.918","8.5377","1023.6836","23.112","8.4633","0.0"
"124.902","126.0","8.4756","8.4635","3.17395","29.7775","23.1085","251.278","8.147","8.147","0.2427","92.5842","1e-12","3.4202123","29.9223","8.5378","1023.6915","23.1154","8.4635","0.0"
"125.895","127.0","8.4754","8.4631","3.174279","29.7809","23.1111","250.671","8.147","8.147","0.2433","92.4598","1e-12","3.4581652","29.9256","8.5374","1023.6987","23.118","8.4631","0.0"
"126.89","128.0","8.4755","8.4632","3.174723","29.7848","23.1142","249.765","8.147","8.147","0.2425","92.4048","1e-12","3.4217093","29.9297","8.5374","1023.7065","23.1212","8.4631","0.0"
"127.875","129.0","8.4728","8.4603","3.177367","29.8127","23.1364","248.649","8.147","8.147","0.2432","91.7772","1e-12","3.5216098","29.9592","8.5341","1023.7344","23.1446","8.4603","0.0"
"128.871","130.0","8.4695","8.4569","3.179966","29.8433","23.1609","247.733","8.142","8.142","0.2591","90.6071","1e-12","3.7421463","29.9888","8.5302","1023.7625","23.1681","8.4569","0.0"
"129.854","131.0","8.4651","8.4524","3.181366","29.8611","23.1754","246.938","8.142","8.142","0.2484","89.5041","1e-12","3.9693191","30.0067","8.5254","1023.7816","23.1827","8.4524","0.0"
"130.861","132.0","8.4583","8.4456","3.18217","29.8756","23.1878","246.524","8.141","8.141","0.258","88.603","1e-12","3.8752799","30.0204","8.5183","1023.7979","23.1944","8.4456","0.0"
"131.832","133.0","8.4526","8.4398","3.182504","29.883","23.1943","245.868","8.137","8.137","0.2511","88.0584","1e-12","4.0124898","30.0284","8.5123","1023.8095","23.2015","8.4398","0.0"
"132.836","134.0","8.4513","8.4384","3.183815","29.8973","23.2057","245.767","8.137","8.137","0.2695","87.2817","1e-12","4.2931595","30.0428","8.5107","1023.8255","23.2129","8.4384","0.0"
"133.831","135.0","8.4537","8.4406","3.184982","29.9072","23.2131","245.882","8.137","8.137","0.2519","87.1505","1e-12","4.3596177","30.0526","8.5128","1023.8373","23.2202","8.4406","0.0"
"134.808","136.0","8.4563","8.4432","3.186179","29.916","23.2196","246.497","8.137","8.137","0.2555","87.1457","1e-12","4.294241","30.0624","8.5153","1023.8492","23.2275","8.4432","0.0"
"135.808","137.0","8.4621","8.4489","3.187609","29.9257","23.2264","246.988","8.137","8.137","0.265","87.4258","1e-12","4.2193155","30.072","8.5208","1023.8604","23.2341","8.4489","0.0"
"136.794","138.0","8.4759","8.4625","3.189917","29.9371","23.2334","247.147","8.139","8.139","0.258","88.7756","1e-12","3.8517234","30.084","8.5343","1023.8723","23.2416","8.4625","0.0"
"137.788","139.0","8.4778","8.4644","3.190564","29.9426","23.2374","247.113","8.142","8.142","0.2723","88.9526","1e-12","3.834687","30.0887","8.5361","1023.8802","23.245","8.4643","0.0"
"138.781","140.0","8.4787","8.4652","3.19103","29.9461","23.24","247.129","8.142","8.142","0.2715","88.9488","1e-12","3.8833377","30.0924","8.5369","1023.8876","23.2477","8.4652","0.0"
"139.768","141.0","8.48","8.4664","3.191693","29.9515","23.244","247.036","8.142","8.142","0.2733","88.9835","1e-12","3.9083855","30.0978","8.538","1023.8962","23.2517","8.4664","0.0"
"140.764","142.0","8.4814","8.4677","3.192454","29.9579","23.2489","247.072","8.142","8.142","0.272","89.0238","1e-12","3.876791","30.1042","8.5392","1023.9055","23.2565","8.4677","0.0"
"141.749","143.0","8.4823","8.4685","3.193083","29.9632","23.2529","246.826","8.142","8.142","0.2718","89.0606","1e-12","3.9933987","30.1095","8.5399","1023.9141","23.2606","8.4685","0.0"
"142.744","144.0","8.4828","8.4688","3.193568","29.9676","23.2563","246.493","8.142","8.142","0.2848","88.9029","1e-12","3.9275534","30.1138","8.5402","1023.922","23.2639","8.4688","0.0"
"143.731","145.0","8.4834","8.4693","3.194597","29.9768","23.2634","246.429","8.142","8.142","0.272","88.7289","1e-12","3.870919","30.1237","8.5406","1023.9341","23.2715","8.4693","0.0"
"144.726","146.0","8.4838","8.4696","3.196021","29.9914","23.2747","246.153","8.142","8.142","0.2772","88.3681","1e-12","4.1164694","30.1378","8.5407","1023.9496","23.2825","8.4696","0.0"
"145.717","147.0","8.4853","8.4711","3.196964","29.9992","23.2806","245.666","8.142","8.142","0.3019","88.3084","1e-12","4.0184383","30.1459","8.542","1023.9603","23.2886","8.471","0.0"
"146.7","148.0","8.4854","8.4711","3.198416","30.0136","23.292","245.067","8.142","8.142","0.3017","88.2349","1e-12","4.2913942","30.1606","8.5417","1023.9763","23.3001","8.471","0.0"
"147.697","149.0","8.4842","8.4698","3.199934","30.0298","23.3048","244.717","8.142","8.142","0.3015","87.794","1e-12","4.4090581","30.177","8.5402","1023.9938","23.313","8.4698","0.0"
"148.691","150.0","8.4831","8.4686","3.202235","30.0542","23.324","244.517","8.142","8.142","0.3022","86.9967","1e-12","4.3683438","30.2016","8.5386","1024.0177","23.3324","8.4686","0.0"
"149.678","151.0","8.4838","8.4691","3.203337","30.0652","23.3326","244.351","8.142","8.142","0.3075","86.6997","1e-12","4.3057442","30.2122","8.539","1024.0304","23.3405","8.4691","0.0"
"150.67","152.0","8.4851","8.4703","3.203907","30.0699","23.3361","244.316","8.142","8.142","0.3225","86.7402","1e-12","4.4713058","30.2166","8.5401","1024.0382","23.3438","8.4703","0.0"
"151.658","153.0","8.4847","8.4698","3.204023","30.0711","23.337","244.147","8.142","8.142","0.3095","86.6895","1e-12","4.7032747","30.2178","8.5396","1024.0438","23.3448","8.4698","0.0"
"152.655","154.0","8.4846","8.4697","3.204142","30.0719","23.3377","243.976","8.142","8.142","0.3297","86.7416","1e-12","4.3338504","30.2187","8.5394","1024.0491","23.3455","8.4696","0.0"
"153.641","155.0","8.4847","8.4696","3.204262","30.0727","23.3383","243.954","8.142","8.142","0.341","86.563","1e-12","4.6826849","30.2195","8.5394","1024.0542","23.3461","8.4696","0.0"
"154.635","156.0","8.484","8.4689","3.204399","30.0742","23.3396","243.889","8.141","8.141","0.3383","86.5011","1e-12","4.5674767","30.221","8.5386","1024.0602","23.3475","8.4688","0.0"
"155.619","157.0","8.4848","8.4696","3.205727","30.086","23.3487","243.591","8.141","8.141","0.3183","86.4281","1e-12","4.5579901","30.2338","8.5391","1024.0746","23.3573","8.4696","0.0"
"156.621","158.0","8.487","8.4716","3.207309","30.1006","23.3598","243.204","8.141","8.141","0.3436","86.504","1e-12","4.3618064","30.2481","8.5409","1024.09","23.3682","8.4716","0.0"
"157.602","159.0","8.4865","8.471","3.20844","30.1115","23.3684","242.68","8.141","8.141","0.3479","85.8853","1e-12","4.7319665","30.2599","8.5402","1024.1038","23.3775","8.471","0.0"
"158.602","160.0","8.4852","8.4696","3.211864","30.1482","23.3973","242.386","8.14","8.14","0.3349","84.2539","1e-12","4.9920883","30.2964","8.5382","1024.137","23.4061","8.4696","0.0"
"159.583","161.0","8.4851","8.4695","3.212518","30.1555","23.403","242.17","8.14","8.14","0.3323","83.9212","1e-12","5.4043312","30.3028","8.5379","1024.1465","23.4111","8.4695","0.0"
"160.583","162.0","8.4853","8.4695","3.213306","30.163","23.4089","241.953","8.14","8.14","0.3356","83.6839","1e-12","5.3616967","30.3106","8.5378","1024.1571","23.4172","8.4695","0.0"
"161.563","163.0","8.4853","8.4694","3.213894","30.1688","23.4134","241.91","8.139","8.139","0.3374","83.6372","1e-12","5.3426619","30.3163","8.5376","1024.1661","23.4216","8.4694","0.0"
"162.563","164.0","8.4852","8.4692","3.214328","30.1729","23.4167","241.785","8.139","8.139","0.3357","83.5193","1e-12","5.3808241","30.3205","8.5374","1024.174","23.4249","8.4692","0.0"
"163.552","165.0","8.4854","8.4693","3.215171","30.1811","23.4231","241.861","8.138","8.138","0.3596","83.4306","1e-12","5.2948112","30.3287","8.5374","1024.1849","23.4313","8.4693","0.0"
"164.537","166.0","8.4856","8.4695","3.215493","30.1839","23.4252","241.814","8.138","8.138","0.3653","83.4246","1e-12","5.1915336","30.3315","8.5374","1024.1917","23.4335","8.4694","0.0"
"165.534","167.0","8.4861","8.4698","3.215954","30.1876","23.4281","241.313","8.138","8.138","0.3429","83.2196","1e-12","5.2872667","30.3355","8.5378","1024.1992","23.4365","8.4698","0.0"
"166.524","168.0","8.4865","8.4701","3.216314","30.1908","23.4305","240.816","8.138","8.138","0.3259","82.8375","1e-12","5.3434749","30.3385","8.538","1024.2061","23.4388","8.4701","0.0"
"167.515","169.0","8.4867","8.4702","3.21648","30.192","23.4314","240.524","8.137","8.137","0.336","82.3287","1e-12","5.3530798","30.3397","8.5381","1024.2115","23.4397","8.4702","0.0"
"168.502","170.0","8.4871","8.4705","3.217711","30.2038","23.4406","240.307","8.137","8.137","0.3518","80.9932","1e-12","5.636622","30.3518","8.5382","1024.2255","23.4491","8.4705","0.0"
"169.5","171.0","8.4872","8.4705","3.217994","30.2065","23.4427","240.215","8.137","8.137","0.3412","81.2325","1e-12","5.748867","30.3542","8.5381","1024.2319","23.4511","8.4705","0.0"
"170.479","172.0","8.4874","8.4707","3.218757","30.2132","23.4479","239.814","8.137","8.137","0.3407","81.9006","1e-12","5.3642335","30.3616","8.5382","1024.2422","23.4568","8.4707","0.0"
"171.484","173.0","8.4885","8.4716","3.220422","30.229","23.4602","239.463","8.137","8.137","0.3447","81.736","1e-12","5.4928579","30.3777","8.5389","1024.2592","23.4692","8.4716","0.0"
"172.463","174.0","8.4888","8.4718","3.221543","30.2402","23.4688","239.221","8.137","8.137","0.339","81.0283","1e-12","5.4121251","30.3887","8.5389","1024.2722","23.4777","8.4718","0.0"
"173.463","175.0","8.4885","8.4715","3.222127","30.2466","23.4739","238.912","8.137","8.137","0.3427","79.0219","1e-12","5.8836341","30.3946","8.5385","1024.2815","23.4824","8.4714","0.0"
"174.444","176.0","8.4886","8.4714","3.222512","30.25","23.4766","238.462","8.137","8.137","0.3439","78.6836","1e-12","5.9909611","30.3982","8.5384","1024.2888","23.4852","8.4714","0.0"
"175.448","177.0","8.489","8.4717","3.223222","30.2564","23.4815","238.225","8.137","8.137","0.3388","78.1368","1e-12","6.0386572","30.4048","8.5386","1024.2985","23.4903","8.4717","0.0"
"176.427","178.0","8.4895","8.4721","3.224337","30.2668","23.4895","237.911","8.136","8.136","0.3411","77.5303","1e-12","6.320457","30.4156","8.5388","1024.3114","23.4987","8.4721","0.0"
"177.423","179.0","8.49","8.4725","3.225565","30.2793","23.4993","237.857","8.133","8.133","0.3529","76.7713","1e-12","6.3962817","30.4276","8.5391","1024.3252","23.508","8.4725","0.0"
"178.411","180.0","8.4903","8.4727","3.225988","30.2831","23.5022","237.472","8.132","8.132","0.3525","76.0482","1e-12","6.9330859","30.4314","8.5392","1024.3328","23.5109","8.4727","0.0"
"179.405","181.0","8.4903","8.4726","3.226085","30.2838","23.5028","236.853","8.132","8.132","0.347","76.1268","1e-12","6.8676648","30.4321","8.539","1024.3378","23.5114","8.4726","0.0"
"180.393","182.0","8.4907","8.4729","3.227308","30.295","23.5115","236.447","8.132","8.132","0.3534","73.6977","1e-12","7.0646796","30.444","8.5392","1024.3516","23.5207","8.4729","0.0"
"181.387","183.0","8.4911","8.4732","3.228369","30.3058","23.5199","236.26","8.132","8.132","0.3542","71.4212","1e-12","7.9749098","30.4544","8.5393","1024.3641","23.5287","8.4732","0.0"
"182.372","184.0","8.4912","8.4732","3.228523","30.3071","23.5209","236.4","8.132","8.132","0.356","70.9572","1e-12","8.4114971","30.4555","8.5393","1024.3696","23.5297","8.4732","0.0"
"183.371","185.0","8.4914","8.4733","3.228622","30.3075","23.5211","236.4","8.132","8.132","0.3397","70.826","1e-12","8.643239","30.456","8.5394","1024.3745","23.53","8.4733","0.0"
"184.355","186.0","8.4916","8.4735","3.228744","30.3082","23.5217","236.45","8.132","8.132","0.3456","71.0423","1e-12","8.2760878","30.4567","8.5395","1024.3796","23.5305","8.4734","0.0"
"185.347","187.0","8.4919","8.4736","3.228898","30.309","23.5223","236.406","8.132","8.132","0.3416","70.9019","1e-12","8.4773664","30.4576","8.5397","1024.3849","23.5312","8.4736","0.0"
"186.339","188.0","8.4918","8.4735","3.228971","30.3095","23.5227","236.339","8.132","8.132","0.3371","70.872","1e-12","8.7227669","30.458","8.5395","1024.3898","23.5316","8.4734","0.0"
"187.33","189.0","8.492","8.4735","3.229083","30.31","23.5231","236.11","8.132","8.132","0.3377","70.4887","1e-12","9.114254","30.4587","8.5396","1024.3948","23.532","8.4735","0.0"
"188.321","190.0","8.492","8.4734","3.229294","30.3118","23.5244","236.084","8.132","8.132","0.339","70.1451","1e-12","8.7119541","30.4605","8.5394","1024.4008","23.5335","8.4734","0.0"
"189.31","191.0","8.4924","8.4737","3.229484","30.313","23.5254","--","8.132","8.132","0.3405","69.7926","1e-12","9.1990814","30.4617","8.5397","1024.4063","23.5344","8.4737","0.0"
"190.306","192.0","8.4925","8.4738","3.229783","30.3155","23.5273","--","8.132","8.132","0.3222","68.982","1e-12","9.1373272","30.4643","8.5397","1024.4128","23.5364","8.4737","0.0"
